L,Temp,m,sm,e,se,x,sx,c,sc,u,su
1.0,0.1,1.0,0.0,-2.0,0.0,0.0,0.0,0.0,0.0,0.6666666666666669,2.220446049250313e-16
1.0,0.2,1.0,0.0,-2.0,0.0,0.0,0.0,0.0,0.0,0.6666666666666669,2.220446049250313e-16
1.0,0.3,1.0,0.0,-2.0,0.0,0.0,0.0,0.0,0.0,0.6666666666666669,2.220446049250313e-16
1.0,0.4,1.0,0.0,-2.0,0.0,0.0,0.0,0.0,0.0,0.6666666666666669,2.220446049250313e-16
1.0,0.5,1.0,0.0,-2.0,0.0,0.0,0.0,0.0,0.0,0.6666666666666669,2.220446049250313e-16
1.0,0.6,1.0,0.0,-2.0,0.0,0.0,0.0,0.0,0.0,0.6666666666666669,2.220446049250313e-16
1.0,0.7,1.0,0.0,-1.6,4.800000000000001,0.0,0.0,0.0,0.0,0.6666666666666669,2.220446049250313e-16
1.0,0.8,1.0,0.0,-1.8728,1.5263999999999998,0.0,0.0,1.08438,13.012559999999997,0.6666666666666669,2.220446049250313e-16
1.0,0.9,1.0,0.0,-1.8232,2.1216000000000004,0.0,0.0,0.9743644444444441,11.69237333333333,0.6666666666666669,2.220446049250313e-16
1.0,1.0,1.0,0.0,-0.06799999999999995,7.156339801881964,0.0,0.0,1.6822848,9.603590784400227,0.6666666666666669,2.220446049250313e-16
1.0,1.1,1.0,0.0,3.197049000602837,11.480057760630915,0.0,0.0,7.651857186683888,27.049471058532855,0.6666666666666669,2.220446049250313e-16
1.0,1.2,1.0,0.0,6.589989045447513,19.609965639685672,0.0,0.0,5.677409405768026,26.45207505195282,0.6666666666666669,2.220446049250313e-16
1.0,1.3,1.0,0.0,8.855650750955064,21.781149041392464,0.0,0.0,17.182724095875805,47.60885747712947,0.6666666666666669,2.220446049250313e-16
1.0,1.4,1.0,0.0,13.899727927126992,24.284213747486994,0.0,0.0,28.38770633895956,63.529295256764094,0.6666666666666669,2.220446049250313e-16
1.0,1.5,1.0,0.0,20.396098779275107,27.060189375737465,0.0,0.0,39.860206741201395,71.13174468066642,0.6666666666666669,2.220446049250313e-16
1.0,1.6,1.0,0.0,28.173473862832004,24.72007416312961,0.0,0.0,77.88978940697686,253.0962243386411,0.6666666666666669,2.220446049250313e-16
1.0,1.7,1.0,0.0,42.260962526471644,24.856361044141334,0.0,0.0,130.83481619708937,231.75102711881186,0.6666666666666669,2.220446049250313e-16
1.0,1.8,1.0,0.0,54.60052334471473,44.978001072877355,0.0,0.0,158.2564447475778,199.81986212790625,0.6666666666666669,2.220446049250313e-16
1.0,1.9,1.0,0.0,73.92831283550387,52.13516496619512,0.0,0.0,258.886592775353,316.4993818819692,0.6666666666666669,2.220446049250313e-16
1.0,2.0,1.0,0.0,77.53763163278893,35.73128458835912,0.0,0.0,335.43258923360503,340.6819863486818,0.6666666666666669,2.220446049250313e-16
1.0,2.1,1.0,0.0,120.05090793454298,64.93726588996056,0.0,0.0,451.1907798677867,450.0340127044731,0.6666666666666669,2.220446049250313e-16
1.0,2.2,1.0,0.0,143.08697092448855,68.42655343490186,0.0,0.0,594.8939143662753,482.72766262175054,0.6666666666666669,2.220446049250313e-16
1.0,2.3,1.0,0.0,148.76022951727913,53.59943035011647,0.0,0.0,615.4013540248767,453.81385806408235,0.6666666666666669,2.220446049250313e-16
1.0,2.4,1.0,0.0,175.76811378321617,72.2889942811605,0.0,0.0,702.6939090096694,562.4647573073725,0.6666666666666669,2.220446049250313e-16
1.0,2.5,1.0,0.0,195.07530500255479,54.36757420762711,0.0,0.0,979.5658531968227,647.7341087105314,0.6666666666666669,2.220446049250313e-16
1.0,2.6,1.0,0.0,223.51590912801356,87.88080129689315,0.0,0.0,1084.2712713537323,765.5024737249431,0.6666666666666669,2.220446049250313e-16
1.0,2.7,1.0,0.0,248.1061540943897,81.88564187262371,0.0,0.0,1239.9357462837042,807.9142258514015,0.6666666666666669,2.220446049250313e-16
1.0,2.8,1.0,0.0,274.78673289298496,123.13552715325808,0.0,0.0,1487.1451012727348,1164.9603200042766,0.6666666666666669,2.220446049250313e-16
1.0,2.9,1.0,0.0,314.48624367945376,101.13094413303227,0.0,0.0,1709.0715904635788,863.6936473811257,0.6666666666666669,2.220446049250313e-16
1.0,3.0,1.0,0.0,328.79792417257676,127.56531923947837,0.0,0.0,1957.4523370552968,1056.1089484952315,0.6666666666666669,2.220446049250313e-16
1.0,3.1,1.0,0.0,375.25762649259656,86.34608740318937,0.0,0.0,2202.031400976973,1501.7749874168283,0.6666666666666669,2.220446049250313e-16
1.0,3.2,1.0,0.0,406.10827311521604,123.42254196854113,0.0,0.0,2301.1227492424296,1366.4235444580208,0.6666666666666669,2.220446049250313e-16
1.0,3.3,1.0,0.0,417.1299545002405,91.73686390449421,0.0,0.0,2222.9720460855956,1147.1472481293285,0.6666666666666669,2.220446049250313e-16
1.0,3.4,1.0,0.0,462.5355140879193,109.44451314444356,0.0,0.0,2399.7275703784417,1821.549646065651,0.6666666666666669,2.220446049250313e-16
1.0,3.5,1.0,0.0,521.3091961788662,104.50935184898893,0.0,0.0,2744.8389678445997,1624.2755686108428,0.6666666666666669,2.220446049250313e-16
1.0,3.6,1.0,0.0,535.6028938187866,116.15483561673628,0.0,0.0,3093.721214035159,1363.292373289493,0.6666666666666669,2.220446049250313e-16
1.0,3.7,1.0,0.0,546.3809795014962,148.6442173982394,0.0,0.0,3284.8871767892833,1659.8668080113184,0.6666666666666669,2.220446049250313e-16
1.0,3.8,1.0,0.0,589.5559278804606,80.97799250512678,0.0,0.0,3464.7512352016556,1226.166676596984,0.6666666666666669,2.220446049250313e-16
1.0,3.9,1.0,0.0,619.9330708208665,114.3641138119773,0.0,0.0,3616.4747843655277,1748.096532417536,0.6666666666666669,2.220446049250313e-16
1.0,4.0,1.0,0.0,659.7336839878602,140.2463671439063,0.0,0.0,3966.342689362801,1646.390265884794,0.6666666666666669,2.220446049250313e-16
1.0,4.1,1.0,0.0,681.9143925020619,149.375991662019,0.0,0.0,3953.1246171948596,1748.3933448257908,0.6666666666666669,2.220446049250313e-16
1.0,4.2,1.0,0.0,725.9664763448013,213.92136417019935,0.0,0.0,4292.401265247252,2083.0803559034143,0.6666666666666669,2.220446049250313e-16
1.0,4.3,1.0,0.0,735.5757556722646,199.6229589229768,0.0,0.0,4550.650883268423,1511.6940917490238,0.6666666666666669,2.220446049250313e-16
1.0,4.4,1.0,0.0,801.2969921006063,93.3480670240353,0.0,0.0,4617.885949068722,1295.6427749954914,0.6666666666666669,2.220446049250313e-16
1.0,4.5,1.0,0.0,800.8560682981268,122.79215090728789,0.0,0.0,4659.419558648891,1827.0413115538204,0.6666666666666669,2.220446049250313e-16
1.0,4.6,1.0,0.0,846.2368490861743,108.83998518752492,0.0,0.0,5014.735430560878,1610.735677341018,0.6666666666666669,2.220446049250313e-16
1.0,4.7,1.0,0.0,888.7996864497316,136.0987350123774,0.0,0.0,5170.039134001536,2305.531172988787,0.6666666666666669,2.220446049250313e-16
1.0,4.8,1.0,0.0,920.2452075332221,159.66422746229406,0.0,0.0,5173.789014440878,2172.324935431376,0.6666666666666669,2.220446049250313e-16
1.0,4.9,1.0,0.0,955.4456532101569,177.83129705389652,0.0,0.0,5483.570750562305,2047.0294781772398,0.6666666666666669,2.220446049250313e-16
1.0,5.0,1.0,0.0,974.0020341256397,103.89217582519899,0.0,0.0,5372.292858466014,1911.3131803833567,0.6666666666666669,2.220446049250313e-16
1.0,5.1,1.0,0.0,1030.6920256826513,131.26334318169216,0.0,0.0,5717.086995564436,2394.071245406308,0.6666666666666669,2.220446049250313e-16
1.0,5.2,1.0,0.0,1024.7586745401568,123.1768634851187,0.0,0.0,5933.02721658204,1872.8918061349414,0.6666666666666669,2.220446049250313e-16
1.0,5.3,1.0,0.0,1069.7898880823116,134.03546222843988,0.0,0.0,5495.868622028077,1617.1913793878787,0.6666666666666669,2.220446049250313e-16
1.0,5.4,1.0,0.0,1099.1702273833616,143.33438304173353,0.0,0.0,5935.987153209161,1342.8299636483657,0.6666666666666669,2.220446049250313e-16
1.0,5.5,1.0,0.0,1115.4359462478367,159.8667431040323,0.0,0.0,5788.391377390142,1755.7138309380282,0.6666666666666669,2.220446049250313e-16
1.0,5.6,1.0,0.0,1162.5449838956147,123.35417905299718,0.0,0.0,6258.9364142034765,1245.4773372081074,0.6666666666666669,2.220446049250313e-16
1.0,5.7,1.0,0.0,1172.8320269345206,162.31769111183587,0.0,0.0,6241.63219692611,1968.3137203543124,0.6666666666666669,2.220446049250313e-16
1.0,5.8,1.0,0.0,1224.6649655410279,151.490211998034,0.0,0.0,6047.653469419323,2203.2440253228838,0.6666666666666669,2.220446049250313e-16
1.0,5.9,1.0,0.0,1279.0151901295546,173.21329638793856,0.0,0.0,6719.386493212344,2005.3263522995474,0.6666666666666669,2.220446049250313e-16
1.0,6.0,1.0,0.0,1275.663498663775,219.73443485564343,0.0,0.0,6359.047080070126,2064.0339521288283,0.6666666666666669,2.220446049250313e-16
1.0,6.1,1.0,0.0,1330.2200035104838,169.42167584596126,0.0,0.0,6686.161497580969,1676.5906789350743,0.6666666666666669,2.220446049250313e-16
1.0,6.2,1.0,0.0,1336.1740283376614,127.64754043606122,0.0,0.0,6512.117026971926,1512.9956536443588,0.6666666666666669,2.220446049250313e-16
1.0,6.3,1.0,0.0,1399.6928654559015,192.67696852074235,0.0,0.0,6789.54608867537,1847.2758356067925,0.6666666666666669,2.220446049250313e-16
1.0,6.4,1.0,0.0,1408.8983392527148,191.0002218994738,0.0,0.0,6701.247989765732,1554.5520523139398,0.6666666666666669,2.220446049250313e-16
1.0,6.5,1.0,0.0,1417.5316934849689,119.35908841356512,0.0,0.0,6838.80212118754,1691.0104673713088,0.6666666666666669,2.220446049250313e-16
1.0,6.6,1.0,0.0,1419.7806056752345,160.78299663231456,0.0,0.0,6805.4609613749735,1709.802097020291,0.6666666666666669,2.220446049250313e-16
1.0,6.7,1.0,0.0,1463.0403863666609,162.83833735334628,0.0,0.0,6678.050581264955,1706.5409589918029,0.6666666666666669,2.220446049250313e-16
1.0,6.8,1.0,0.0,1469.5098317549784,157.18405251394717,0.0,0.0,6580.534467186173,1113.9972486942727,0.6666666666666669,2.220446049250313e-16
1.0,6.9,1.0,0.0,1497.3641031057773,201.57449425736155,0.0,0.0,6744.1607491775185,1575.648677144069,0.6666666666666669,2.220446049250313e-16
1.0,7.0,1.0,0.0,1538.5166397541607,158.68772938017835,0.0,0.0,6930.487235514069,1595.5617241318569,0.6666666666666669,2.220446049250313e-16
1.0,7.1,1.0,0.0,1594.9307232656415,165.22420308433047,0.0,0.0,7323.45726371948,2137.5560414071374,0.6666666666666669,2.220446049250313e-16
1.0,7.2,1.0,0.0,1581.9082170826996,154.29325182197294,0.0,0.0,6969.427197831443,1613.9226742345688,0.6666666666666669,2.220446049250313e-16
1.0,7.3,1.0,0.0,1630.4203489940091,217.81621067170155,0.0,0.0,6993.307728279178,1799.0718303436702,0.6666666666666669,2.220446049250313e-16
1.0,7.4,1.0,0.0,1671.4466531294652,210.25716600121453,0.0,0.0,7211.518806924696,1728.2432014407486,0.6666666666666669,2.220446049250313e-16
1.0,7.5,1.0,0.0,1669.351084045476,240.50227897525306,0.0,0.0,7117.38666144427,1623.331882029218,0.6666666666666669,2.220446049250313e-16
1.0,7.6,1.0,0.0,1656.94508665696,228.2618469626777,0.0,0.0,6956.039516608672,1586.5182813679385,0.6666666666666669,2.220446049250313e-16
1.0,7.7,1.0,0.0,1688.4768252417393,193.56962186539283,0.0,0.0,6912.455827580911,1964.9385385468636,0.6666666666666669,2.220446049250313e-16
1.0,7.8,1.0,0.0,1721.7834523870229,240.6033744488455,0.0,0.0,7052.52436277215,1845.6647152551432,0.6666666666666669,2.220446049250313e-16
1.0,7.9,1.0,0.0,1748.2580906181338,164.52845498610293,0.0,0.0,7158.970327165314,1215.5260164555277,0.6666666666666669,2.220446049250313e-16
2.0,0.1,1.0,0.0,-2.0,0.0,0.0,0.0,0.0,0.0,0.6666666666666669,2.220446049250313e-16
2.0,0.2,1.0,0.0,-2.0,0.0,0.0,0.0,0.0,0.0,0.6666666666666669,2.220446049250313e-16
2.0,0.3,1.0,0.0,-2.0,0.0,0.0,0.0,0.0,0.0,0.6666666666666669,2.220446049250313e-16
2.0,0.4,1.0,0.0,-2.0,0.0,0.0,0.0,0.0,0.0,0.6666666666666669,2.220446049250313e-16
2.0,0.5,1.0,0.0,-2.0,0.0,0.0,0.0,0.0,0.0,0.6666666666666669,2.220446049250313e-16
2.0,0.6,1.0,0.0,-2.0,0.0,0.0,0.0,0.0,0.0,0.6666666666666669,2.220446049250313e-16
2.0,0.7,0.999904397705545,0.0011472275334607931,-1.9998,0.002400000000000002,0.0003813646293968314,0.004576375552761976,0.003258775510204078,0.039105306122448946,0.6666323417247159,0.0004118993034119001
2.0,0.8,0.9999,0.0011249999999999758,-1.9996999999999998,0.003300000000000037,0.0003741171874999949,0.00430195312499959,0.003740468750000058,0.04113656250000041,0.6666311857537895,0.00039764243857340906
2.0,0.9,0.9994500000000001,0.002656242647048664,-1.9983499999999998,0.008237111144084368,0.0018259791666666518,0.008527516739591895,0.01622135802469115,0.08087395367364807,0.6664712691364941,0.0009498757988595257
2.0,1.0,0.9977478317808404,0.007728047888180867,-1.9947249999999999,0.014215836239912188,0.006798960917651508,0.024020544468979905,0.041948849999999635,0.11264477498845657,0.6658658763777479,0.0027447260117191108
2.0,1.1,0.9971090466175176,0.0054205351345704925,-1.9913,0.014835430563350736,0.007948499724421,0.015027889078352641,0.05711661157024758,0.09661592471787965,0.6656402075597379,0.001929114559958491
2.0,1.2,0.9958833483523326,0.004260743258775474,-1.987625,0.010190191362285649,0.010180542874190235,0.010476371905200694,0.06822746527777762,0.05600883791729418,0.6651996389483239,0.001524025423606629
2.0,1.3,0.991534710350235,0.010199559485166295,-1.974275,0.029668838871785973,0.019043268855934527,0.02351706268118224,0.12000428994082848,0.13585698495269033,0.6636283645556558,0.0036759069172622796
2.0,1.4,0.9876227667471167,0.008922677212208668,-1.9634463362945564,0.027065354530885592,0.025938797945513747,0.018957744083100785,0.14632526086493972,0.10615870344896042,0.6622166093672612,0.003233438650685401
2.0,1.5,0.9769154216890346,0.013537519171016145,-1.931525,0.03891542110783326,0.04476361121764402,0.0264285855024169,0.23484473333333342,0.12789870003014264,0.6582826308532876,0.005017661570935819
2.0,1.6,0.9739830114514382,0.013648625379855414,-1.924336865634634,0.03202427524217599,0.04722209004379377,0.024674954194002348,0.22780214712069424,0.09164808662805375,0.657193453925542,0.0051034753849707815
2.0,1.7,0.9623700583692567,0.015558280217296735,-1.8892651389932382,0.0466357159267444,0.06297150029551704,0.025604585679437398,0.2896847942452777,0.11602621899391649,0.6527797560284532,0.005883367333680745
2.0,1.8,0.9547735527227825,0.019216282896079,-1.8653214696995382,0.056719765477279076,0.0706895481753406,0.02984021428219554,0.3107734006308922,0.12119423353956968,0.6498341469865536,0.007422464627477888
2.0,1.9,0.9439828413344004,0.025433212462319884,-1.8338073192243844,0.07374042079713854,0.08186414877916226,0.03598525216385522,0.33772644664420853,0.13743603943243282,0.6455684048074227,0.010109875271271107
2.0,2.0,0.9379679764084763,0.02261271671951508,-1.8144766800401206,0.06430279931698152,0.08505097138677578,0.029371500567297947,0.337896049855786,0.10781865533789817,0.6431558440405583,0.009090501872186867
2.0,2.1,0.9243505651228053,0.021734763319138976,-1.7741464170407435,0.06220821004880207,0.09708097453893899,0.026305639832497743,0.36558922667097316,0.09096071827018237,0.6375711068698717,0.009113476148951366
2.0,2.2,0.9076995381342046,0.02070990257893649,-1.724926734576497,0.0601381601842776,0.110612341392198,0.022858138675408618,0.3945181321349315,0.07559942253050281,0.6305370170278479,0.008793833070639129
2.0,2.3,0.8923957635150124,0.02823330970470361,-1.6782983666605618,0.08004395026098798,0.1204442878656747,0.02831329294493812,0.4127381278434162,0.08330129789164367,0.6237917310921361,0.012396328300512155
2.0,2.4,0.8847005645706414,0.0276429368186861,-1.6547236590524432,0.07826846366953663,0.122292380033374,0.025403776994860922,0.4019664056719117,0.07303650558828657,0.6203374721078111,0.01248658789261624
2.0,2.5,0.8694010891656916,0.033690211597108666,-1.6081981141325357,0.09248466523246582,0.12917353119147723,0.027759881981597706,0.4080097975592364,0.06862267778273465,0.6131886527311554,0.01610319965140025
2.0,2.6,0.8535062855342634,0.02923361614357693,-1.5606923636799284,0.08075856353638686,0.13637261936343587,0.022593265326119508,0.41312085426870926,0.05360363406796624,0.6055926587855327,0.014292241740724132
2.0,2.7,0.8402192701369481,0.024422117339242294,-1.5194161462503284,0.06908011847996376,0.14000274173334204,0.01717468629393605,0.40946671044680655,0.03761059820189533,0.5990143875855007,0.012257638656413083
2.0,2.8,0.8239999085597365,0.02656187988519118,-1.4722248761841785,0.07956507396561244,0.14509310020560662,0.016371448296495346,0.40541301887145686,0.04321533221856543,0.5906996139139478,0.013866247306104956
2.0,2.9,0.814488798825991,0.024226948538885507,-1.4411193924330605,0.0710934744641345,0.1448831879854794,0.014104257670511065,0.39315177265885637,0.033175132352369636,0.5856248772324381,0.013034719171358306
2.0,3.0,0.8036950777003578,0.029279888284719828,-1.4115321343312406,0.08786339721409717,0.14595817059342298,0.015232963720455002,0.3803104520819898,0.03821540068890866,0.5797789946667893,0.01592119452491692
2.0,3.1,0.7845532734141104,0.027298752138503787,-1.3526959327857102,0.08064366311161689,0.1501952220126334,0.012935120441939455,0.3774426592046681,0.029904345278567335,0.5690223825994485,0.015926356844647844
2.0,3.2,0.7785161683576294,0.03399534785716054,-1.3324350165681413,0.09746624694724834,0.1469967906263093,0.014337874790828958,0.35897456512441805,0.026172487084087686,0.5653794626135091,0.020233969413456145
2.0,3.3,0.7622106662693146,0.028114971485766926,-1.284046185187727,0.08615673619317282,0.1490544102979774,0.00978808739776147,0.3514450980554229,0.021756052284837665,0.5557733265270404,0.017150801913354947
2.0,3.4,0.7541840105630508,0.029115037175138372,-1.2577165282958485,0.0848326738737221,0.14732029694464882,0.009868300490060848,0.3395698227716194,0.020417876058527303,0.5507851401385003,0.01835596188778635
2.0,3.5,0.7351988802191101,0.028134498453530516,-1.2013930504780905,0.0780741558678782,0.1486127749489349,0.009115380847957965,0.3301789545244171,0.011173025909933475,0.5387130710751906,0.01837048665298674
2.0,3.6,0.7340259658039443,0.024375043451472626,-1.1967432621911307,0.07143648130964024,0.14488650757372262,0.007491408584902867,0.3136529381779242,0.014038848447572014,0.5379675901358979,0.015906111912272907
2.0,3.7,0.7189586633875875,0.03405235699033409,-1.1526218280900593,0.09954194371873733,0.14470367259437614,0.008391905262611753,0.3024780330901068,0.01334901362617491,0.5278521747535208,0.023216521871409337
2.0,3.8,0.7108256452447592,0.026688639797762134,-1.1257210166941398,0.0783663649341765,0.14221825012516826,0.006023765677729545,0.2905717720080764,0.009973872705505225,0.5222991955042412,0.01853660000464041
2.0,3.9,0.7025518772310319,0.031165625542584147,-1.1000187163231858,0.08861288313847807,0.14026727505005782,0.007276418674146604,0.27951623275242343,0.00815053909801459,0.516430435782097,0.022213151376211396
2.0,4.0,0.6982455568260015,0.025633752824727137,-1.086986213763415,0.06961337486070189,0.13754314669743856,0.005514096293290847,0.26752119405115954,0.00783436266713392,0.5134291297158275,0.018518527720830385
2.0,4.1,0.6854325821991856,0.02723927070521291,-1.0463242675156967,0.07904960467959338,0.1360724126662617,0.004897154641603237,0.2576772820360838,0.00525546179704253,0.5040685294592993,0.020205288327110788
2.0,4.2,0.6783061567626067,0.02157238084778886,-1.0231206488127564,0.06764422217981682,0.1335560697876867,0.0032963429776240814,0.24721364406608157,0.007571643588829694,0.4987488755335839,0.016310052070993484
2.0,4.3,0.6728992341501636,0.01674489181468021,-1.008575,0.04784182270775229,0.13161705694095538,0.003776671150742057,0.2372921065440779,0.0038953901967047812,0.49466424976003137,0.012967946231369596
2.0,4.4,0.6649943203981586,0.022482777763696362,-0.981311390347587,0.0648275404438576,0.12916384084013197,0.004018646394820014,0.22827510335349294,0.009297884232956785,0.48847927202545194,0.017435394256966125
2.0,4.5,0.6598491576770884,0.025782797799856805,-0.9664557186738516,0.0751776632290885,0.1267790143809725,0.0034665868425276147,0.21829174689779413,0.007871852405961043,0.48442075624819425,0.021071086394634526
2.0,4.6,0.6481652028955114,0.02814580622386972,-0.9315430741001074,0.08028399828299308,0.1251491945057524,0.002937411628545766,0.20990308844611377,0.006272630801644856,0.47496438271373775,0.022966280153712583
2.0,4.7,0.6446767936041864,0.031536492406211335,-0.9195641380666953,0.09273974988766027,0.122582000393363,0.003053395986430491,0.20190595928337654,0.004958672491505271,0.47204020394629276,0.02583494239283465
2.0,4.8,0.6311381691563667,0.02346442027680404,-0.8791865101669409,0.0710654710650746,0.12088972906522766,0.002139210767146,0.19359121855131106,0.005127681900541001,0.4607247922904746,0.02042006091043365
2.0,4.9,0.628125524190471,0.026474462394598965,-0.8672274235725794,0.07887520719104262,0.11839902892824294,0.0015363446711747948,0.18707080704225898,0.00628755136175561,0.45809297380541947,0.023087154859214577
2.0,5.0,0.6261218275617427,0.02157771512742898,-0.8609315567416221,0.06389452666158682,0.1158910880998553,0.0020463066964479383,0.17904044657584112,0.003772163529977958,0.45641466755832777,0.01870530984833377
2.0,5.1,0.6188764924265373,0.032551327676288766,-0.8381106514193013,0.09508623249198707,0.11368111280537686,0.0024422617122822478,0.17211753464723917,0.004791585555050603,0.4499336838792155,0.029166123497681287
2.0,5.2,0.61089521352983,0.02870236237033092,-0.8133957948480333,0.08881644013155972,0.11192322402825094,0.0016969999416320198,0.16636792830335262,0.004559104768465487,0.44283441793725864,0.025584661332965906
2.0,5.3,0.6037792880485316,0.02711348570421268,-0.7910693031690059,0.08180300434082144,0.1097848906877347,0.0014538972158326608,0.1599232151797187,0.004982285963275898,0.43636318687283215,0.0253264743875543
2.0,5.4,0.5996987143303203,0.029614709705977266,-0.7758009599199198,0.08484515382328657,0.10755842402373644,0.0010888980838920292,0.15467561145660502,0.005979259007774471,0.432570186296917,0.027928117855654713
2.0,5.5,0.5950512463257054,0.031910727234009235,-0.7625015983665278,0.08727589867984555,0.10571924061274734,0.0019541012906467386,0.14889740470599228,0.004875488943566882,0.42814756461262726,0.02989959868932652
2.0,5.6,0.5927316476407991,0.027179592647839645,-0.7560035372019065,0.08202751639096917,0.10370858124723398,0.0014560701936573597,0.14288225789361772,0.005666989453143292,0.426038784978369,0.026043707386930664
2.0,5.7,0.5877935094105912,0.01974782404578877,-0.7399210577315276,0.05465538210149381,0.1019212188165765,0.0009536938073735549,0.13826497788026532,0.005062185126205583,0.42136976974127016,0.01920547837724543
2.0,5.8,0.5820747400162042,0.027379829833192686,-0.7210242022633264,0.0797416353045373,0.09980927710958976,0.001686050876920026,0.13305713874559072,0.005351319610271676,0.41581776109438395,0.026589413445686327
2.0,5.9,0.5792963456105573,0.031612040259566584,-0.7123949789571264,0.09088179990605295,0.09807748550211653,0.0011690890477724703,0.1285620195339448,0.005754600615458648,0.4130075909139471,0.03065275222879978
2.0,6.0,0.5754802875748526,0.027564884044032477,-0.7023006997137273,0.07892299889326641,0.09663637615012582,0.0015684893859946498,0.12417454931822837,0.005221720537646495,0.40927159960481335,0.027522594568206184
2.0,6.1,0.5710395466024217,0.017439734519751247,-0.6854255372807283,0.046978832480216066,0.09482708072192286,0.0015301055749455373,0.12069286517547714,0.005454638026584017,0.404957151957816,0.017495335032893883
2.0,6.2,0.5685360537177553,0.021052725336153967,-0.6756689862304119,0.06421085345106264,0.09297170893328785,0.0014415485188508303,0.11675949397032974,0.004277382926113993,0.402419513262277,0.021602674628372554
2.0,6.3,0.5645642309704181,0.019938378814282235,-0.666034013305971,0.059109773153301945,0.09154261199796113,0.0014708666402182009,0.11239890137034345,0.005545695998706206,0.39837760285568147,0.020589196617848804
2.0,6.4,0.5646161312143274,0.018088136918871026,-0.664681045464584,0.055542015412085095,0.09004499242093052,0.0011823664586730522,0.10922339021243754,0.0034413216860581415,0.3984285825209448,0.018737669315898604
2.0,6.5,0.5618282627219664,0.03375951009621451,-0.6524778430765188,0.08715487472962731,0.08825851938987274,0.0010627539043601868,0.10620072195365113,0.005951154895138771,0.39548146053474154,0.03501140962824035
2.0,6.6,0.5580821908602946,0.020183910743224256,-0.6433488911587345,0.05711938146000028,0.0870593720216794,0.0012968732421434392,0.10257538103871372,0.0033991233404446495,0.3917398285443048,0.02100788347726337
2.0,6.7,0.5475290174029661,0.01713298323872903,-0.6120079773126428,0.05026011963572611,0.0851188748706844,0.0011005212928113803,0.09798498031005043,0.004518572541813163,0.3807146700708445,0.018426459404090472
2.0,6.8,0.550350406011614,0.02070867823334565,-0.6167450268898846,0.0586322259949871,0.08389986326694111,0.0012692818789077599,0.0962262207375015,0.0038434482280654044,0.38369354041794834,0.0224110164815889
2.0,6.9,0.5454005633389589,0.02278008061107202,-0.6039133784363426,0.06582387741188664,0.08281821653179641,0.0017153993909264683,0.09328176352599057,0.004269462943961693,0.3782934277299057,0.024950573118547374
2.0,7.0,0.5400043395250167,0.015792569319338333,-0.5861866291585593,0.045716457233745685,0.08126983495158602,0.0011994029543138801,0.09026465206778453,0.003406202744964055,0.37259198315545883,0.01726471419012974
2.0,7.1,0.5407970746588997,0.022928965282846814,-0.5886835940567607,0.06507801183230531,0.08005758339580302,0.0016073773879828307,0.0875793562211537,0.004403055420864367,0.3734151972812758,0.025258649333281213
2.0,7.2,0.5437993459341253,0.02649951118156171,-0.5940858231044033,0.07415139979271466,0.07880445502075029,0.0015774553437576725,0.08569313138434602,0.0049095962306642486,0.37674949406879116,0.02799215564241942
2.0,7.3,0.5401430521430424,0.024218992750341346,-0.5829267419514029,0.07753389427357958,0.07770093903716173,0.001665750682322836,0.08340857046444093,0.004620160034647862,0.37272468340968345,0.02602622739787409
2.0,7.4,0.5333702492603585,0.024322098851342292,-0.5631456615156716,0.06584181366188874,0.07639547761148324,0.00156674587410328,0.08060966502082838,0.004440272560877289,0.3653304624962524,0.027233705539482823
2.0,7.5,0.5329975593963866,0.015628094450865316,-0.5611621129692156,0.051926929899398205,0.07531683039053527,0.0013682917495592439,0.0785222026660384,0.003345616536259212,0.36499023258878693,0.017370671935597607
2.0,7.6,0.527460564937484,0.02277453260574587,-0.5470865623170642,0.06772193290019445,0.07404665062934446,0.001329955444501007,0.07549850940716657,0.002529053312603569,0.3587403447477001,0.02578994599119436
2.0,7.7,0.5255985426389482,0.018146846147177532,-0.5384141444565447,0.05139830925587726,0.07288614923002222,0.0013249176957970833,0.07381495969541368,0.0037832297597196864,0.356772221382346,0.02024233286275792
2.0,7.8,0.5252394388003129,0.015571528505577092,-0.5372024860678437,0.046122012098346266,0.07175983769163749,0.0011643433554036646,0.07156032989128426,0.002819314213006912,0.3564956366036913,0.017429701553010313
2.0,7.9,0.5220691668400881,0.02128445158614799,-0.5233979238129125,0.05524355864497414,0.07069603880704975,0.001126506011165101,0.07038647018562952,0.0037290701681444247,0.35287686504047067,0.024499623074161772
3.0,0.1,1.0,0.0,-2.0,0.0,0.0,0.0,0.0,0.0,0.6666666666666669,2.220446049250313e-16
3.0,0.2,1.0,0.0,-2.0,0.0,0.0,0.0,0.0,0.0,0.6666666666666669,2.220446049250313e-16
3.0,0.3,1.0,0.0,-2.0,0.0,0.0,0.0,0.0,0.0,0.6666666666666669,2.220446049250313e-16
3.0,0.4,1.0,0.0,-2.0,0.0,0.0,0.0,0.0,0.0,0.6666666666666669,2.220446049250313e-16
3.0,0.5,1.0,0.0,-2.0,0.0,0.0,0.0,0.0,0.0,0.6666666666666669,2.220446049250313e-16
3.0,0.6,1.0,0.0,-2.0,0.0,0.0,0.0,0.0,0.0,0.6666666666666669,2.220446049250313e-16
3.0,0.7,0.9999469135802469,0.00025185185185183645,-1.9997876543209876,0.0010074074074073458,0.00015145012737616438,0.0007182175191062579,0.003461717197166249,0.016416400436714468,0.6666542424556297,5.8937759714061674e-05
3.0,0.8,0.9999864197530864,0.00013333333333340744,-1.9999456790123458,0.0005333333333332301,3.392146776409138e-05,0.0003330000000012489,0.000678429355281334,0.006659999999995374,0.6666634879599262,3.120819254887053e-05
3.0,0.9,0.9998617283950617,0.00038264435808028034,-1.9994469135802473,0.0015305774323208857,0.0003067434842253261,0.000847961424397269,0.005453217497333282,0.015074869767050079,0.6666343074994777,8.952872326895757e-05
3.0,1.0,0.9992543209876543,0.001646630364157388,-1.9970938271604934,0.006001501615682615,0.001634796159122863,0.004433511836630729,0.023670697393690588,0.05158424773335313,0.6664846761134766,0.0004424441083433209
3.0,1.1,0.9984481481481481,0.002267656256720396,-1.9939703703703704,0.008924816282647475,0.0031164546701581692,0.00439014593729472,0.040749091816030064,0.059451002326166125,0.6662850740562641,0.00055204200830088
3.0,1.2,0.9972303517666772,0.002614544312470127,-1.98965227730729,0.007889009060310646,0.005888323767362781,0.01100896821097552,0.06096783723704409,0.057968250266257786,0.6659473698332223,0.0009164126407255164
3.0,1.3,0.994504859879676,0.003655401908871159,-1.980014814814815,0.012685653711572065,0.011561100025867424,0.011552528808699754,0.10327356693533304,0.0675109302772278,0.6651795699178062,0.0011432630633704886
3.0,1.4,0.9911150479098741,0.006636325857811658,-1.9677217401004734,0.019691892915357306,0.017998146731213485,0.02228381491399655,0.14405762283057072,0.10460538280198457,0.6642352045750723,0.002278577750648424
3.0,1.5,0.9857002185131101,0.006883065120409588,-1.9490962962962963,0.02266885919625346,0.028550743649407143,0.021765495017178182,0.2010797690595945,0.09276653611563139,0.6626402320219454,0.0022652911924636396
3.0,1.6,0.975379187442398,0.010359980845128715,-1.917783671391486,0.030621893575653193,0.052061648397688856,0.028585183365398528,0.29612838692485477,0.11428205756423762,0.6592382768766327,0.0035221115384525764
3.0,1.7,0.97013892257827,0.014616201326849513,-1.900397878093947,0.04117758801907002,0.059520963470620164,0.03733693259863484,0.3142670726976119,0.14144759099268184,0.657624829783169,0.005046480462697103
3.0,1.8,0.9575498078554281,0.019989855165675065,-1.8634110757829536,0.054884782473346515,0.08418533533662709,0.0507337087886029,0.3898810105544413,0.1674506005616304,0.6532769389434068,0.007354074852403019
3.0,1.9,0.9436378742091949,0.015909198928151368,-1.8196344778197244,0.049484810956321644,0.10533096448655926,0.03451183458335636,0.45296998603991107,0.11805337096673514,0.6485562748981704,0.005726247907536207
3.0,2.0,0.9272861288231504,0.01997480569824697,-1.7720349301102147,0.05691743013786784,0.12939087021822826,0.0364693915977514,0.5065598403675818,0.1126162679937865,0.6426738888767587,0.007498639863572478
3.0,2.1,0.9074530610069507,0.022127782584310984,-1.7155957959663555,0.05946413965485876,0.1610939302728395,0.04534125065549973,0.5723226367514307,0.11505443169496407,0.6348268709727942,0.008933353964573813
3.0,2.2,0.8874954046154926,0.027125748386197107,-1.660023089921956,0.07250502281111963,0.18544296299417223,0.048174090841435466,0.6075225480388808,0.11843277881624804,0.6266199856601956,0.011594409506916849
3.0,2.3,0.8606529544499422,0.02909237899359907,-1.5823807328342352,0.07839624344645878,0.21174258301393128,0.03684784113941989,0.6461561943033425,0.07779167319200372,0.6155306352503715,0.013201703623749034
3.0,2.4,0.8405289592743509,0.03309381291014737,-1.528359822477555,0.0887209634659674,0.22807355579849886,0.04269336978017829,0.6475980065947551,0.08943067870160078,0.6063360964283766,0.015394544024742432
3.0,2.5,0.815944943250462,0.036890516941501465,-1.4602176245900567,0.09132770714450292,0.24423283106781046,0.04779895887189184,0.6507110797848784,0.08650857181051666,0.5949638069965024,0.019402754861949974
3.0,2.6,0.7908789715368691,0.02987846714528058,-1.3922248201599114,0.07986379028596981,0.2583457510003676,0.03068796654657797,0.6452739604712929,0.0641600162858823,0.5823343755021593,0.015597321191123956
3.0,2.7,0.7772795075708832,0.031992447380566065,-1.353702617440375,0.08037267480662487,0.2577671967264267,0.03611727940846447,0.6163544441641922,0.057588643311183435,0.5753424056922929,0.01965838109767582
3.0,2.8,0.7547407702724666,0.03975435442047729,-1.2978059499782941,0.09778067301874692,0.2675404722203077,0.03479604957682749,0.5999032701187773,0.046080644114641266,0.5622903720591468,0.02303858391988225
3.0,2.9,0.7225613597964022,0.03014432841753686,-1.210087156656045,0.07188005051289857,0.2749863573870962,0.0233680821811435,0.5851797949196683,0.029363963950911762,0.5433917203009035,0.020360713395069077
3.0,3.0,0.6990853908281434,0.046787119273798236,-1.151158812436996,0.11216920297196771,0.2764758569476776,0.025750430381849872,0.5532889608730955,0.030307676818428272,0.5279453616410557,0.03392382116016397
3.0,3.1,0.6801618595520431,0.03197157830670704,-1.1005631608492057,0.07636985186467801,0.2725598563245954,0.019005039716447302,0.518656011686962,0.024992346556905718,0.5162452141231568,0.024908137750857335
3.0,3.2,0.6666771999297294,0.021216765180506362,-1.0624962585812825,0.05356407609165696,0.2648388039433706,0.012388998109499814,0.4887352431055233,0.025570110113747244,0.5072867887834669,0.017185728214766875
3.0,3.3,0.6439486919426689,0.041313744704648034,-1.0055420483734765,0.10024814439590134,0.2616022283647215,0.013129905239748382,0.45641871065491746,0.02491616517198064,0.49039571606435006,0.0326537867735909
3.0,3.4,0.6246136690284385,0.029997203842041596,-0.9562128364398206,0.07721103681828217,0.254541830663226,0.012785484135754949,0.4235402749128047,0.026046786502977058,0.4758444950327948,0.026497040654754805
3.0,3.5,0.6126837315289224,0.0343170588511614,-0.9286772293366337,0.08102580928076002,0.250112745199055,0.01279904697012145,0.401364088272396,0.021914954413952487,0.4647408720128793,0.030293824946207786
3.0,3.6,0.5911080676591889,0.03599181839743371,-0.8729688334696546,0.08630275551665587,0.24184172396373493,0.013861399626083574,0.37075147730006014,0.030005455225535976,0.44698465753379246,0.032640862524937246
3.0,3.7,0.5801945116257217,0.047409568795014914,-0.8443926677354903,0.11158276740364999,0.2331967482209193,0.009813730421399164,0.3457767313737762,0.03529328301241428,0.43771231931099025,0.043830798256490604
3.0,3.8,0.5703412436933097,0.0300273218651207,-0.8168889383573734,0.06863911296507459,0.22638833679916087,0.01116349428683224,0.32826900904602785,0.026122083945448286,0.4286392769596761,0.027932477948072902
3.0,3.9,0.5557637075418085,0.029843419714423784,-0.7857051029780416,0.0646718998533691,0.2206801418937404,0.010975341175228385,0.3049401941135559,0.017930350040214517,0.4135012965707917,0.03426380284350573
3.0,4.0,0.5396873228971328,0.02380941026542886,-0.7423463096430604,0.05465508888762154,0.21419064959383072,0.01004954717609432,0.2874255510597897,0.02832368376897794,0.3973587514994148,0.02328440618349722
3.0,4.1,0.5296813130129716,0.03264305933155747,-0.7171036357477004,0.07224081874094278,0.20474146741250995,0.009417099310572396,0.26507357620498906,0.02034853552588292,0.38820709068656667,0.03677750688884433
3.0,4.2,0.519116564914403,0.028398891487972765,-0.6902622957978319,0.06685779421766733,0.1958877525304969,0.013349578102877088,0.2453269540152162,0.026144271057100713,0.37845831614189807,0.03087433306121915
3.0,4.3,0.5103770516038864,0.02780941560139262,-0.6668635165673,0.06485236236701739,0.1890895736578394,0.009061540456537467,0.23071235723311773,0.018287996805748778,0.36882454399069375,0.03343026763967224
3.0,4.4,0.5077012214090538,0.03358933230634982,-0.6561171114832596,0.06723714056480862,0.1830268201063931,0.008981793155469313,0.21909494795954038,0.019876623701858557,0.3669792339748541,0.040553628656830334
3.0,4.5,0.49419614274697454,0.027454844153662915,-0.6264848289410282,0.06598369549749193,0.1759104689759259,0.009215306342516185,0.20221566358635695,0.01796681577212456,0.3518490924802845,0.03638399086194372
3.0,4.6,0.4883407391237786,0.024663559673013733,-0.6097969734267589,0.06653598723697757,0.17030119669265592,0.011770707807576235,0.1920256873858345,0.017823599319889787,0.3458050297564199,0.030057172071605208
3.0,4.7,0.47681702772656775,0.019126458087633653,-0.5818951302626257,0.042507976351646756,0.16355065011578668,0.010888033258263262,0.17849950823782734,0.01985963512013893,0.3322208846219793,0.02567268556645086
3.0,4.8,0.4777512753733001,0.022578791149921642,-0.5831680766860667,0.04931463749656638,0.16024585263638924,0.00961195430399112,0.17197201476523158,0.013968482852733048,0.3327543370703038,0.034832097398097055
3.0,4.9,0.463706101081095,0.027068541633999854,-0.550689290665466,0.052778275995342794,0.15216935180543195,0.009182737277215488,0.15814744708795117,0.014968567998971553,0.31602531717954774,0.037950628276119315
3.0,5.0,0.45964462369300985,0.024147320569987474,-0.5385163063153697,0.05396565038602519,0.14833685690421294,0.0068072640515666185,0.15225435374895852,0.010945603763661068,0.3097012315194968,0.034829908447581055
3.0,5.1,0.4573036245404634,0.023409457375531822,-0.5315059643289692,0.047467781515141486,0.1447783846289632,0.010418726086998342,0.1450718909269838,0.018415951821913596,0.30793028393107885,0.03187576242310038
3.0,5.2,0.44851793002516427,0.028856752729763673,-0.5091496322814564,0.06527329045774329,0.13895813418605374,0.00906586335226619,0.1358325166560082,0.01315065353950957,0.29733975312653194,0.04409980061025566
3.0,5.3,0.4477934998645088,0.02956316937409968,-0.5060098236569045,0.0665905645010432,0.13624185006469358,0.009987998291741471,0.13121553901866223,0.014076509816795283,0.29664610319916684,0.0406703965575493
3.0,5.4,0.4391650276935636,0.03333981057023212,-0.4871889590388726,0.07454115773039174,0.1321629371145479,0.013554659016080835,0.12433989609250223,0.01847018458806773,0.2819326990516383,0.0448698369305276
3.0,5.5,0.43510620765040925,0.01879342433342203,-0.47364973945291927,0.04039790937052913,0.1255743637382938,0.00522154132883736,0.11445500107311718,0.0078122464596914005,0.2850481225981488,0.038156246455535094
3.0,5.6,0.42780533330637627,0.02275685997258798,-0.4580951104336408,0.05156624213000666,0.1218169567513471,0.008046273397645179,0.10931797621397232,0.010868182118639946,0.2717500956024511,0.030134306444072147
3.0,5.7,0.4265534852907379,0.0201505103195291,-0.44882044158908063,0.04437042706283725,0.11927260830689879,0.008214138049856448,0.10638094734533346,0.011979880667705493,0.2703088119782088,0.034781557626575164
3.0,5.8,0.42040010959809004,0.021550990804651064,-0.43719256358697256,0.04848063439832511,0.11500648697492875,0.006578687971442844,0.09975165256462842,0.009059652830814252,0.26309694785711657,0.03492634645798582
3.0,5.9,0.4180914096511311,0.014328292300806456,-0.43052301224900763,0.03734693309399315,0.11198593072503565,0.0076698110526604015,0.09521064558989248,0.00932036368703496,0.2611835961841777,0.025987954526486803
3.0,6.0,0.4126303300472597,0.021922424040881062,-0.4161561392110509,0.040158102745960274,0.10943611882218712,0.007253508066678149,0.09192747374205101,0.009455520646281409,0.2498342282701536,0.039215365982204875
3.0,6.1,0.4099385904972508,0.019151519076581004,-0.4097222212427566,0.04093448397619413,0.10624560380466486,0.005950089458653397,0.0873372908875211,0.007905557538764332,0.24850765984126225,0.03994221015605041
3.0,6.2,0.4084162880169773,0.025202381075472294,-0.403836816126958,0.05217501139598288,0.10391379592503469,0.008576868901130397,0.08434412952387944,0.00985458299849973,0.24702178781491996,0.03977962282891716
3.0,6.3,0.4040429114676457,0.015656271807696888,-0.39248922600479413,0.032404289561842166,0.1009655029768648,0.006237392588248336,0.08043031495945255,0.0075403111813181455,0.24174555969187,0.033757214965449825
3.0,6.4,0.4027427424457124,0.02169943021169295,-0.3878762103914086,0.04046507137860957,0.099035180161583,0.006640385991684623,0.07830033661753211,0.0077154002582573876,0.23779671125092736,0.037891171644183236
3.0,6.5,0.39872905377924567,0.016941564690085526,-0.37949236783343754,0.03736694670105523,0.09623207627648434,0.008138032968791366,0.07452298990138734,0.0092691924661154,0.23373037988664397,0.01940082331022223
3.0,6.6,0.3959707845216344,0.02334421630756919,-0.3697088314027672,0.04850008944628261,0.09411466771169318,0.0076997149813319956,0.07229942226695318,0.008009567062567217,0.22799517078049392,0.03581760447076152
3.0,6.7,0.39209968378204507,0.02113702479647467,-0.363583837226448,0.038905234139312225,0.091103110615024,0.006115050660144944,0.06819577412363773,0.007081161736786532,0.22397592700722294,0.04161628572456866
3.0,6.8,0.39248450997477535,0.01805246092473789,-0.3625992344047439,0.03572955146388343,0.0896453144190596,0.005295568704582108,0.0659985030188644,0.005170028404016219,0.22734160305629217,0.04078865277906885
3.0,6.9,0.3891957697927415,0.02069552543894828,-0.3513138304812417,0.040233657710045334,0.08668907906197659,0.0067616191973561245,0.06327500254324042,0.007134791470119118,0.22466156396508247,0.03131256580702018
3.0,7.0,0.38812506181157114,0.021614818464396723,-0.34922617115115107,0.04849488477193121,0.08557835217469409,0.006326133651873925,0.06177197120619254,0.005758303415145837,0.22112462330707117,0.043390441139221594
3.0,7.1,0.38211315587339245,0.015315548043968135,-0.33391644964078815,0.03288496659667059,0.08319749756278075,0.006522712633666793,0.05933052329609696,0.006543324627934331,0.2107374128277664,0.0326162121333783
3.0,7.2,0.3831494377841104,0.018034647711861373,-0.33408021916894937,0.03775277345670408,0.08202401176113328,0.006905373384012889,0.057984257617034254,0.007144196088520919,0.2130590904114053,0.030672517276922755
3.0,7.3,0.377829062529507,0.017518872664964186,-0.32260000382834075,0.0418265604783549,0.07963639467317164,0.006576558820362246,0.05553007938226166,0.0051763618452224875,0.20289406415584849,0.03994547980890364
3.0,7.4,0.3789868873856036,0.01903413925322504,-0.32733543065753196,0.03838159596248624,0.07800527061384699,0.005395407973378261,0.05287355316598377,0.004922409768556118,0.21080889773892536,0.03517495981120592
3.0,7.5,0.37757059851103636,0.013965316654246546,-0.3200870111357987,0.02990017998453194,0.07666845909985874,0.00385072189677735,0.051943949807484485,0.004017730365213493,0.2061002791083855,0.026320895066021602
3.0,7.6,0.3729932302622012,0.014283146061076632,-0.3055346160992888,0.03170952268797405,0.07444074636481879,0.0049341154817669226,0.049885864687969225,0.004184286801247654,0.2009144010891026,0.024358661857860217
3.0,7.7,0.3714245967754165,0.022538271922149973,-0.3072013160377631,0.045124783864159024,0.07385915770439165,0.006313419945429763,0.04898414409818848,0.005253069029568732,0.19149193680409105,0.04190206491663034
3.0,7.8,0.3699339635088734,0.012751149655736621,-0.2997783519751132,0.03181353833908898,0.07133973754023107,0.005543886005556113,0.046287892160849387,0.004888930506579046,0.19816599541015423,0.04744039054763014
3.0,7.9,0.3664034708045385,0.013659749976159524,-0.29067773185060763,0.028688421938444522,0.06972683074194311,0.004066445513671459,0.04489305941225376,0.003337611746876369,0.1909129189077281,0.025598634057081848
4.0,0.1,1.0,0.0,-2.0,0.0,0.0,0.0,0.0,0.0,0.6666666666666669,2.220446049250313e-16
4.0,0.2,1.0,0.0,-2.0,0.0,0.0,0.0,0.0,0.0,0.6666666666666669,2.220446049250313e-16
4.0,0.3,1.0,0.0,-2.0,0.0,0.0,0.0,0.0,0.0,0.6666666666666669,2.220446049250313e-16
4.0,0.4,1.0,0.0,-2.0,0.0,0.0,0.0,0.0,0.0,0.6666666666666669,2.220446049250313e-16
4.0,0.5,1.0,0.0,-2.0,0.0,0.0,0.0,0.0,0.0,0.6666666666666669,2.220446049250313e-16
4.0,0.6,1.0,0.0,-2.0,0.0,0.0,0.0,0.0,0.0,0.6666666666666669,2.220446049250313e-16
4.0,0.7,0.9999828125,0.0001326193448370306,-1.99993125,0.0005304773793480794,4.90433872770067e-05,0.0003783232746164106,0.0011209917091836493,0.00864738913407462,0.6666641507044702,1.9410600232942785e-05
4.0,0.8,0.99991953125,0.00030293566896497597,-1.999678125,0.0012117426758598985,0.00020074182128904106,0.0007543613918896663,0.004014836425783596,0.015087227837788535,0.6666548926628126,4.4282428246744145e-05
4.0,0.9,0.9997324218749999,0.0006350462120241474,-1.9989343750000002,0.002540184848096727,0.0006023403320314616,0.0014008995167909646,0.010546715374229128,0.024904880298544808,0.666627054060511,9.266154277904603e-05
4.0,1.0,0.999255859375,0.0010634875924876005,-1.9970632812499998,0.004036314647980339,0.0015551921386720124,0.002537154858836673,0.02377601269531233,0.034354467292263234,0.6665537941350806,0.00017876275065257315
4.0,1.1,0.99849375,0.0014837136684684035,-1.9941007812500002,0.005667279474370822,0.002936203657670252,0.0031284488904658285,0.039747980533314874,0.039074250832158534,0.6664335845266189,0.0002442983987157301
4.0,1.2,0.997173828125,0.001612085096815629,-1.98911953125,0.005879456421515489,0.005414647989908872,0.004558476015222879,0.0628237894694017,0.036673435043763684,0.6662079234139295,0.00033473784278168736
4.0,1.3,0.9950213937834922,0.003557849389971313,-1.98105078125,0.012644048516619417,0.009688062079518726,0.009276271937689554,0.09751891676682711,0.07289677146212031,0.6658079606020837,0.0007097012621352624
4.0,1.4,0.99224921875,0.005846882724807791,-1.9716703125000001,0.014898609480522846,0.016561951799665194,0.033047162091531426,0.1271501789700257,0.09016409218039069,0.6652481525315632,0.0017009917803596426
4.0,1.5,0.984769164416367,0.012285101005869445,-1.9468477358850929,0.027985413435621186,0.03662243112188707,0.07723285031195211,0.22398779943371588,0.18506542615883018,0.6635049249017244,0.004174709700297564
4.0,1.6,0.9784016778105782,0.009302771583769884,-1.9268497584408668,0.022737169825606317,0.05089627544463071,0.050247348359748874,0.27193419492186616,0.12043266403237751,0.6620348450957254,0.00312952392578454
4.0,1.7,0.9712407878634562,0.01361569870969503,-1.901899172928275,0.03577294845756259,0.06216136675103839,0.060403596072822606,0.3234879777565228,0.15798950040172105,0.660405484040332,0.0043126246753225515
4.0,1.8,0.9570890793816447,0.014367028751328005,-1.8619639936915449,0.03466445117684868,0.1044360750606082,0.06484915563566923,0.41959196963766077,0.13486565963260394,0.656405767971634,0.004888806216770223
4.0,1.9,0.9410584324574005,0.017357594936566575,-1.8174082663148776,0.035181592660872146,0.141756258334025,0.09043614448367387,0.5024144429214215,0.13913040656402184,0.6516528822625598,0.007117430337469675
4.0,2.0,0.921466532211747,0.01974147777206051,-1.7644735941180456,0.0447982952133669,0.1938892232673099,0.08699405457767787,0.5962461014793969,0.15883057551684626,0.6452778626613433,0.00794539678917949
4.0,2.1,0.8934981809314646,0.0280855997656725,-1.6904227205660638,0.06141167472350058,0.2514820458974969,0.10192078175782471,0.6799919671072254,0.15682266582116108,0.6359827385351199,0.011105644915766271
4.0,2.2,0.8633845713728938,0.028887447171893746,-1.612424925983428,0.06426515324464435,0.3094914752398986,0.09343274016953132,0.755715966640313,0.13354271724607591,0.6250104457776298,0.01220764190934026
4.0,2.3,0.8291853035605361,0.04161007346084151,-1.5325209654604612,0.08936794519789953,0.3723269282158693,0.1006572594291807,0.8039984435266577,0.11968177534943135,0.6105825857737565,0.019291454738352528
4.0,2.4,0.7939925694272737,0.03688241928304359,-1.4469325583476138,0.08588623813642882,0.41621043249328826,0.08909727216702633,0.81967114715612,0.10272916576781048,0.5955222757011154,0.018804696154556357
4.0,2.5,0.7681844117779939,0.04439001870138824,-1.3881095533218808,0.10198317809691894,0.4431218084073816,0.09987848540821326,0.8083494520305557,0.10710396947286223,0.5828059933648432,0.025313295425748103
4.0,2.6,0.7242354648700187,0.04281830527210798,-1.290859326703352,0.08977522604367327,0.4846622765414125,0.061912238047856505,0.7971426751733528,0.07144524516274246,0.5594670442614511,0.024981325560493945
4.0,2.7,0.6929501520996292,0.05097455709497989,-1.2183247386235414,0.0894873136404551,0.49041990972661453,0.06413450866072584,0.7568512465288457,0.0469638857281067,0.541914515629699,0.032962324752444566
4.0,2.8,0.6602739563649571,0.04079692736417959,-1.1443442346908506,0.08239629687232589,0.4901514176131083,0.041639633756438976,0.7084654964004152,0.04574732712266559,0.5216947967041855,0.027587356673588977
4.0,2.9,0.6323254436916583,0.039602383194070626,-1.0835778363660784,0.0703367103940309,0.48419273215264735,0.0527298241973566,0.654644341184354,0.04208090608126976,0.5031336898658954,0.03237402249306283
4.0,3.0,0.601415091976816,0.039575229591598676,-1.0184034907683772,0.07076454926143176,0.4707270156014265,0.03642549565946465,0.596129993090597,0.048719680832724634,0.4808290062922219,0.03658387613941292
4.0,3.1,0.5788586226839358,0.04115253069616756,-0.9645631744564267,0.07120968974773569,0.4534894617756358,0.027840222769012348,0.5463868278079702,0.04508502892781655,0.4641856344543349,0.036710845608351514
4.0,3.2,0.5516230292715151,0.04158932271731698,-0.9074086192240103,0.07248266000728888,0.4411436556395578,0.02387776751733874,0.5024428624448549,0.04968880739149332,0.4410182983674525,0.037378966104473055
4.0,3.3,0.5231843036801624,0.04185325411296721,-0.8529744608525909,0.07119304585246562,0.4243228107731231,0.023376214529448644,0.45110506885591656,0.05449794638866208,0.4140880959315266,0.04505113993756436
4.0,3.4,0.5149260753235939,0.02918281873059101,-0.8306490357351664,0.05594168357466088,0.4010445984095946,0.02282470983874144,0.4127414188469535,0.037484734891234044,0.4093262490414076,0.03563391134470571
4.0,3.5,0.48802512774820117,0.02168361069968058,-0.774699454305131,0.03690887126584967,0.3819981796912414,0.027047413300029837,0.3756011225897556,0.046601216286672596,0.38047057640745396,0.02438842473528411
4.0,3.6,0.476278199189463,0.029696963939010376,-0.7500639382230903,0.05124865436000699,0.3626895682938477,0.027820832332058502,0.3417628708223404,0.04788279219813816,0.369576310902184,0.03486863134943783
4.0,3.7,0.45287674984312326,0.041817826839082965,-0.7019506784020368,0.07318428166666256,0.341676474585924,0.0289384523744595,0.30749322281269,0.04822970195972513,0.34296224878645554,0.05697413641452341
4.0,3.8,0.4392510557076195,0.02673269477554157,-0.6747019152855183,0.043619559660912396,0.32429822484476534,0.025689832823485987,0.28151312065541606,0.035978156917902945,0.3271956700056332,0.033024786863066015
4.0,3.9,0.43088566583261784,0.024047212022592152,-0.6536201502103036,0.042353941413528724,0.30911488368922035,0.023008501710749713,0.26262290179714165,0.03316464904604508,0.3172178914124465,0.04264966095253399
4.0,4.0,0.41668651867897866,0.023636675531875078,-0.624736352632096,0.04713046779343752,0.29317355722346594,0.027683461721578328,0.23935402952281998,0.031785047959802686,0.2995138489989997,0.04241086578605
4.0,4.1,0.4042475681667247,0.030404776439910176,-0.5960818986158549,0.0553752930951919,0.27604099396442316,0.027262295263011514,0.21924218347428176,0.03587252439895923,0.28539698833366395,0.035329375934373054
4.0,4.2,0.40019595768427124,0.032255966428473,-0.5872789756562613,0.04968249783795934,0.2664377504373152,0.02346379276213318,0.20644556313007803,0.027149145593182204,0.28042015337480025,0.058220314281301484
4.0,4.3,0.3907380386384115,0.035614823734812597,-0.5628496373975858,0.06516855806136215,0.2483386014802198,0.02665351714883069,0.18534797747775084,0.02519460284401852,0.27688739791350286,0.050418411603939194
4.0,4.4,0.3814225778671454,0.021849563926640222,-0.5437574151889726,0.03552019411452914,0.24167531126715913,0.021447500697363252,0.17882613619135085,0.025247169839710697,0.25429924874128185,0.04606755141579175
4.0,4.5,0.37306207915131195,0.025372550088255376,-0.5243578522590273,0.040595974313451674,0.22711930879488962,0.017999098771091876,0.1637150995182384,0.019011584856647418,0.2493066322702417,0.05148461523014357
4.0,4.6,0.3701008839645821,0.024360215069631153,-0.5162429063120075,0.038896712519010036,0.22089148150275328,0.01801480858534268,0.1550103075595864,0.018437941999476112,0.24425666252542133,0.04720870920145105
4.0,4.7,0.3605051937440976,0.02702545546242132,-0.49619806864210475,0.04033247582218387,0.2081635624054266,0.014885148867875135,0.14248367265259584,0.013982987690501863,0.2346684059411765,0.06426980089707274
4.0,4.8,0.3556445813244956,0.02582296136045608,-0.4857770961283988,0.05084410826696148,0.20169435373241423,0.016693029917805777,0.13571403087554093,0.015466572089702814,0.22522381454832416,0.04259318225561654
4.0,4.9,0.34807534044356425,0.024336253564387893,-0.46522460355829304,0.041476103947428,0.1920062915505387,0.01784474503011337,0.12808173993978517,0.0191092674616848,0.21398785247284008,0.05969204477805089
4.0,5.0,0.34484461329244015,0.015353020355276074,-0.4631668807286188,0.033648358061985455,0.18636213284529268,0.014897319219731921,0.12006205272925236,0.014397247893387883,0.21162396332940664,0.019939733060968384
4.0,5.1,0.33964524180115185,0.015686123523538216,-0.449596881431235,0.02664497185524043,0.1768847502247661,0.011495677533472465,0.11207080858833664,0.009875879113629518,0.2093231745485305,0.038104642148334734
4.0,5.2,0.33742931048245495,0.02262068530859106,-0.4432211575624777,0.03189783420571191,0.1759488400232165,0.011608701149303615,0.1113280291312801,0.010401269860784764,0.19121854741086092,0.05841313474223627
4.0,5.3,0.3311159234325229,0.015618622062538104,-0.4257485048537458,0.03411225315913542,0.16602875375757312,0.01543225555889967,0.10223796066160473,0.012366405263301041,0.19209523187365932,0.03345978579489192
4.0,5.4,0.32525205487852277,0.022519445174271464,-0.41134889719704665,0.036706030080096576,0.15852322201326394,0.01600485004263773,0.09679971022545567,0.012345530183664785,0.18798742925924972,0.04959465834588111
4.0,5.5,0.3197844591262323,0.012218914955375857,-0.4001010089097341,0.026800481031730692,0.15172955757300707,0.012830878468852776,0.09062990978848026,0.010026662539634868,0.17947159535615376,0.029245237456708418
4.0,5.6,0.3156498633627086,0.01890509772292121,-0.39170944333590174,0.029586543345898254,0.14581660294707055,0.01244166854102219,0.08621419556186552,0.009733840757546419,0.17323164587262,0.0445296165340845
4.0,5.7,0.31703820222855184,0.02503493064680513,-0.39230371134513453,0.04298722076068893,0.14566294541618152,0.01732805127685328,0.08469107747170412,0.010392582900080143,0.1754262453807452,0.034796275718396746
4.0,5.8,0.3120341449121573,0.017365825690328084,-0.38052392608352303,0.0356984287065617,0.1390081810170535,0.01592554706678014,0.078566119622512,0.01116935670919303,0.17321600482970234,0.049335840159534204
4.0,5.9,0.3051913983455167,0.014954582325319307,-0.3679552213665602,0.0304290498124087,0.13328978269211786,0.012318517702779,0.0747791993252234,0.007421941761388679,0.1571476968320029,0.049067350549591805
4.0,6.0,0.30828544982346107,0.014714782245724067,-0.3660485976048926,0.02598036301216447,0.13227854743048478,0.014960671578517272,0.07364270413326054,0.010604021901739542,0.16535828633042873,0.04000315471693516
4.0,6.1,0.30411436689467136,0.021616363275427986,-0.3611254010577996,0.034996503093171656,0.12878845073217415,0.012237798477832268,0.0703053367252944,0.008449102818089266,0.15496630744665024,0.06101914695295124
4.0,6.2,0.2998539867449108,0.013979382589251924,-0.3507314032530047,0.02619333193427669,0.12243733401756551,0.009010602371826913,0.066496671921731,0.005847130776987257,0.1554583373381328,0.041557833789904575
4.0,6.3,0.2976416522410035,0.014093095256885643,-0.34333076497702997,0.02989435763001297,0.1201763724435261,0.010291383624538455,0.06485484546363265,0.007197112890528301,0.1452590032799585,0.04537317422959518
4.0,6.4,0.2939901633105153,0.011642191594068652,-0.33581295458606253,0.02353016887896721,0.11543606827916572,0.011705817620977473,0.06118063730457596,0.007275765613678018,0.14620608152249873,0.02789790193472695
4.0,6.5,0.28625803174810904,0.019040273517920148,-0.3216696097974835,0.024721470452014057,0.10979200546624629,0.011753002032170154,0.05813663696523649,0.006722367348029036,0.13119299887933328,0.0415733880534475
4.0,6.6,0.28904102641656937,0.017212363791551378,-0.3248699598175474,0.02512963352846713,0.10867274707767847,0.008383741636501758,0.05613193341805138,0.005537153818076302,0.1407416045756021,0.05217339258039655
4.0,6.7,0.2884692204403402,0.016322625223521684,-0.3195699474533177,0.027611659885646015,0.10699260274099444,0.008719892983826758,0.05485423428120535,0.005224596639429708,0.13812464175957656,0.03917835316575421
4.0,6.8,0.2869725615195168,0.01821765558892552,-0.3127061902900329,0.030838266683270433,0.10568380984349462,0.009802355697565095,0.053658961143314365,0.005564281513865165,0.13008950054292062,0.047419194433168166
4.0,6.9,0.28250020342357884,0.017014785277423464,-0.3056910840627628,0.029250451026240524,0.10009542621852746,0.008577579387991266,0.04973696371283125,0.005235155800485187,0.13826885844599718,0.041792762697959646
4.0,7.0,0.2843191500509632,0.011606604268285333,-0.3031328383113145,0.023593061376584235,0.09933608503171096,0.007352571270046263,0.04911921272834033,0.0037373854576768476,0.13976874223968283,0.03920739201010089
4.0,7.1,0.28179203395844965,0.010303345498838172,-0.3002067186569113,0.023650429377846217,0.09675847700805706,0.006981788501193803,0.047355103328374,0.0029105254053146414,0.13540648958749896,0.041911332202805775
4.0,7.2,0.27965481647835255,0.011013471994307843,-0.2920304071001355,0.023228852320162172,0.09480582757927045,0.007133107810877405,0.04575280986616721,0.003911906099691021,0.13348544882917307,0.040479776658030285
4.0,7.3,0.28043981258804873,0.011173997722620906,-0.29440641039466986,0.023837086838674325,0.09395827319427286,0.005470501745091842,0.04492595192498769,0.003888622853915772,0.13403997783057237,0.033807935697194105
4.0,7.4,0.2779599278269792,0.013245047082980847,-0.28921804442061283,0.027855773997628768,0.09211247877888706,0.008280048999265564,0.043902204697473954,0.0044109012995920864,0.12445820455538385,0.03666421983337222
4.0,7.5,0.27270255259092824,0.010917494738927842,-0.2793365457599093,0.02641666307772339,0.08753885771370315,0.005941551394644276,0.041368124439829505,0.003551672077676735,0.12201472614010048,0.05261819878724179
4.0,7.6,0.27226338606200795,0.013465762056123145,-0.27496188756203643,0.028006585128115942,0.08732304457571383,0.008414218113011488,0.041011275633585545,0.003640171384854104,0.10674931446720992,0.03835024707292463
4.0,7.7,0.27295640286656286,0.018186035928525197,-0.2769738703235636,0.030122170524260035,0.08579288727656104,0.01018915401252575,0.03955872532628765,0.005012089693729986,0.11804636239905338,0.03853565294799286
4.0,7.8,0.27013343379346105,0.017211229337286745,-0.2707723748755212,0.028255104040536848,0.08292363343376236,0.007857992525568187,0.037613789197359776,0.004078874026195995,0.11932383047032867,0.053262702014522635
4.0,7.9,0.26785364660166244,0.016860671360983334,-0.2644071298065457,0.024761543649653172,0.08162233634333857,0.00837976135037316,0.036873091201929636,0.0034775329788202572,0.11157196407276479,0.03822561108439251
5.0,0.1,1.0,0.0,-2.0,0.0,0.0,0.0,0.0,0.0,0.6666666666666669,2.220446049250313e-16
5.0,0.2,1.0,0.0,-2.0,0.0,0.0,0.0,0.0,0.0,0.6666666666666669,2.220446049250313e-16
5.0,0.3,1.0,0.0,-2.0,0.0,0.0,0.0,0.0,0.0,0.6666666666666669,2.220446049250313e-16
5.0,0.4,1.0,0.0,-2.0,0.0,0.0,0.0,0.0,0.0,0.6666666666666669,2.220446049250313e-16
5.0,0.5,1.0,0.0,-2.0,0.0,0.0,0.0,0.0,0.0,0.6666666666666669,2.220446049250313e-16
5.0,0.6,0.9999950400000001,5.951999999997959e-05,-1.99998016,0.00023808000000005158,1.6512831999762055e-05,0.00019815398399714468,0.0004403421866679007,0.005284106240014808,0.6666661794978772,5.846025475708672e-06
5.0,0.7,0.9999723199999999,0.00013004604722945506,-1.99988928,0.0005201841889176964,7.892646400023295e-05,0.00037054661594932147,0.0018040334628550434,0.008469636935985986,0.6666639494109341,1.2759865164065e-05
5.0,0.8,0.9999062400000001,0.0002723904961631484,-1.9996259200000002,0.0010807089347275387,0.00023613436799934106,0.0007001051810046146,0.004680815279998285,0.01361060548745505,0.6666573887033931,2.7425476726437287e-05
5.0,0.9,0.9997155200000001,0.0005090076557380607,-1.9988678400000004,0.0020075378974255915,0.0006416865279991018,0.0011908727063992294,0.011209527371855432,0.02008108972610225,0.6666383269532523,5.2291244349171815e-05
5.0,1.0,0.9992778969588723,0.0011275115167997778,-1.9971627878354892,0.004348827629944851,0.001529408760854039,0.0025828655737709727,0.023034569408864627,0.03582048846445459,0.6665920366680522,0.0001245443038711509
5.0,1.1,0.99852688,0.0011951691133894099,-1.9942575999999999,0.004444557585902054,0.002947726510545139,0.002936471325394906,0.03922084487404758,0.03298533377046088,0.6665093717126255,0.00015136954271718916
5.0,1.2,0.99712848,0.0018154670301605612,-1.98898144,0.006502737125118953,0.005629735925333914,0.004556587644226349,0.06516211182222315,0.042285939864265085,0.6663422025345712,0.00025172692826063765
5.0,1.3,0.994539402959939,0.0029882069677465875,-1.979409151984632,0.009444530206484976,0.010561817263739191,0.010587592283749274,0.10494914828161479,0.06296878012672197,0.6660158468090115,0.0005732858808073717
5.0,1.4,0.9916439865597948,0.003493832769277247,-1.9690416589142612,0.011721563453591342,0.0160467514510099,0.009126855688127825,0.13959821544578233,0.060011085278319554,0.6656112886813618,0.0005767675633965638
5.0,1.5,0.9864740274584007,0.004053013102830716,-1.9517158238950423,0.013099574012741956,0.02902970601578166,0.018233727819047134,0.19886407673038048,0.06756241956690326,0.6647327355687591,0.0009372041150169629
5.0,1.6,0.9781758399999999,0.010542196113979307,-1.9259257640501444,0.02244024759991737,0.05763711996000012,0.09506695327084982,0.2872374523511858,0.14161581612127422,0.663103194290812,0.0033076696201888908
5.0,1.7,0.9694963200000001,0.009316854904869982,-1.8964331697944665,0.026387374250457164,0.0668345154108235,0.045968667449577956,0.34326737428484233,0.11915068748673069,0.661727690614168,0.0024295510140689993
5.0,1.8,0.9543322622491158,0.014983156684047282,-1.8544550761387364,0.03459068798103904,0.12090808199125441,0.09264194160704001,0.45297023950767457,0.14645364253981133,0.6581830365832109,0.004700247996420084
5.0,1.9,0.935204583593125,0.024414299954214746,-1.803741729081487,0.048364589221135755,0.18904324383997642,0.1513273281198352,0.5707189531191366,0.18170945789901027,0.6529220075320821,0.008220609007401649
5.0,2.0,0.9156597764691985,0.025392402533464056,-1.7521996890616636,0.04755613879968549,0.24672374909432582,0.1737689470133829,0.6488752749827277,0.19999776261949237,0.6476387278970934,0.010355558416396984
5.0,2.1,0.8859336320126496,0.030466486594222433,-1.6796564276974189,0.05903102775643861,0.3418841587219861,0.19169622001963169,0.762848242324057,0.17471595239532045,0.6383012450065902,0.01229214093365096
5.0,2.2,0.8608365556547841,0.04042856765205005,-1.6195280386136477,0.07894956169671995,0.39982247754408107,0.203707842866938,0.7923330555534156,0.21578365101210395,0.6301620425866024,0.017216241028443567
5.0,2.3,0.8027937603909547,0.04630377054777429,-1.501283273338117,0.08415418264065298,0.5814999164786527,0.20464622796645707,0.936928002859187,0.17300876605827334,0.6058249569136649,0.0243435239670692
5.0,2.4,0.765924832433388,0.04855861384019459,-1.417605821339813,0.09055806603075915,0.6343493215294618,0.12983003387568962,0.9437708344535585,0.116291884790025,0.5904291306981648,0.0251778978028482
5.0,2.5,0.7198290703514105,0.04488154468158401,-1.3225890935114695,0.07630911702106087,0.6876529650311909,0.1408274268374178,0.9169947886257968,0.07756893120327892,0.5680358946073613,0.027460309847118974
5.0,2.6,0.6801140711268467,0.0695016218014084,-1.243959658683115,0.10755163115369847,0.7135888168589315,0.17521123138316358,0.8719129209058785,0.12816422724957247,0.5457294006348969,0.048675571337366726
5.0,2.7,0.6389998480008254,0.04674905940304946,-1.1624089134261677,0.0802761569395879,0.726516496880382,0.10270658144203225,0.8163861892568072,0.09901361361233593,0.5211632303258024,0.034581429061755806
5.0,2.8,0.5894907986963398,0.049782338928243276,-1.065915365183932,0.0828986104225807,0.7090172653241982,0.05063987847497886,0.7267726779832973,0.07019066356506688,0.4878682020986612,0.04238010721857799
5.0,2.9,0.5551997528217727,0.052235903327089224,-1.0029627617733543,0.08117112288941306,0.6935548140607877,0.041971997613006955,0.6617564588416779,0.05629115707496702,0.4597850175607401,0.0514831859202998
5.0,3.0,0.5212191694611081,0.03569035276179215,-0.9401359689745333,0.05890428287849801,0.6584457243814266,0.04752460073307079,0.5877513657786143,0.0731697918770462,0.4325840080056007,0.03388382985377399
5.0,3.1,0.4830466077231742,0.039674264567947426,-0.8713541928647437,0.061200693704475846,0.6151660840614499,0.04607568244987228,0.5168111138842401,0.0663400807195395,0.3933406824388497,0.04726009312838202
5.0,3.2,0.47002137305380176,0.039260626276133984,-0.8417179206579328,0.06073835017817094,0.5901739327283944,0.05804940351862511,0.47909938387556006,0.08394281324234337,0.38006461086613774,0.046407005389761946
5.0,3.3,0.4432198611492933,0.029343453410815946,-0.7887964950748643,0.04282321236333125,0.5417276102995763,0.04404378446427648,0.42247577354338095,0.053598194143911766,0.3515859888136157,0.04073060605819533
5.0,3.4,0.4214723491749319,0.031470080118765634,-0.7493088709861215,0.04673221092868736,0.49971969091630836,0.042087557412494106,0.368286575632194,0.04335953886397421,0.3294841514505854,0.05087673520335189
5.0,3.5,0.39722541280333307,0.032882742451884,-0.700811753866635,0.05069875569633793,0.4529253668345463,0.05703168024922669,0.32341401307272966,0.052330260748903595,0.30302833044976907,0.054042338106264035
5.0,3.6,0.3835565388884264,0.02954051957661261,-0.6744161310782393,0.041621483550756254,0.4240016550035942,0.047208089906294534,0.2923868023275636,0.04867543368747256,0.2834839009545559,0.06125349514634549
5.0,3.7,0.3720701263935827,0.03646949945261234,-0.6504927693797651,0.04788057250846874,0.3998536631263793,0.04272314480956284,0.2714899001859047,0.03568003962178343,0.26849456759687684,0.06677288146890795
5.0,3.8,0.358375202274012,0.025147541402957063,-0.628265471949411,0.04305296089897701,0.371609602628862,0.0604906897168701,0.2440307940511522,0.046248414639788876,0.2490371614407343,0.04158580031167388
5.0,3.9,0.3514995465028768,0.0333052381864028,-0.6101556249654155,0.049177983788838406,0.35157320194102165,0.04071670918675619,0.22777478808508747,0.034647501943472055,0.24080829485657412,0.06250485735841103
5.0,4.0,0.3337437316823424,0.02461657848628429,-0.5757604865399096,0.02581406923097092,0.32436789418980727,0.03268683660654555,0.2054646437812777,0.021961593845240792,0.21488577056411093,0.05443808586419428
5.0,4.1,0.33133335628696525,0.03337836468771028,-0.5651017870394461,0.051187361936019866,0.3051220555874253,0.03941671425332473,0.1896146133189232,0.028601686617789033,0.21881113629071614,0.0653938248544951
5.0,4.2,0.3222545487078471,0.030332694353379045,-0.5476695028742837,0.044792317895680465,0.2898403522516557,0.043526690716532736,0.17715407033512942,0.030311675397929644,0.19937362521734747,0.044483356851521084
5.0,4.3,0.3155618658176931,0.02305521578458115,-0.5317889383618385,0.03594096308430968,0.2729468655070334,0.03747626860426688,0.16260099465532782,0.02744622799600106,0.19566333376123685,0.05488750765819173
5.0,4.4,0.30605811443352104,0.019358749681156178,-0.5080452430864395,0.026827153726552266,0.25210455924912545,0.029408281015154886,0.14814830071444002,0.023805305199376924,0.19303087842002314,0.04789125059467386
5.0,4.5,0.29936370730955913,0.024233019932099628,-0.49413610936602137,0.029263683280114035,0.240016392708079,0.026619623677936487,0.14045244993263234,0.020906687712143036,0.17501503569438254,0.05481566632966814
5.0,4.6,0.2966842086153866,0.021916689482469498,-0.4847955755787637,0.028290061646697628,0.23238027483401477,0.03563992388468712,0.13473182436956938,0.019125501833746048,0.17256048772426055,0.06427990457065955
5.0,4.7,0.2891612097023671,0.0183136575835252,-0.4706613917171343,0.024792158031756304,0.22021085301831053,0.02833452689980944,0.12667008180018605,0.014518595754287482,0.15304208984918924,0.04578451095006643
5.0,4.8,0.28314316110133375,0.01634816831165939,-0.4575795973725957,0.02896061147508152,0.20855420057723456,0.026500005617445248,0.11829040140366037,0.0156527934906191,0.15060437540138075,0.04123179398219045
5.0,4.9,0.27606619758487305,0.019433022079809747,-0.44399187914803573,0.02509090831455053,0.19530752493729622,0.026897911828621633,0.10962788173782889,0.015481841933840734,0.1419043481689426,0.08438847520266236
5.0,5.0,0.27370899415444544,0.022801478176354653,-0.438749337917654,0.03218694129545594,0.18768497852160282,0.024029839271250734,0.10429400015197007,0.012548457022050898,0.1441023595307934,0.07042517402470436
5.0,5.1,0.27034321148889706,0.015936162623957653,-0.425961614651302,0.024893837096449274,0.18164021617077242,0.025319270093976075,0.09949249104528668,0.01315133884894591,0.134382024149751,0.05536872482302803
5.0,5.2,0.26798381452152187,0.014154332980351823,-0.41511280353177515,0.020563300786225803,0.17546853115190583,0.020023240690233184,0.0945556696931873,0.010846673794671228,0.13328312624175268,0.057375680556382036
5.0,5.3,0.2639503322074648,0.024003752481870366,-0.4057897305452438,0.031560410856009434,0.165781888552632,0.025077214375576473,0.09024464809374892,0.009752780508656335,0.1314814318809515,0.050275846053758934
5.0,5.4,0.26115449876510277,0.018949898028069893,-0.39927127040087207,0.022325597991037935,0.15989303864542315,0.021617839051549428,0.08521503702014542,0.01155258086675545,0.1323757875691916,0.0490685421926228
5.0,5.5,0.25847992892076055,0.01589780298037722,-0.3896009212730711,0.024263170315824343,0.15401251611029262,0.01593964529141056,0.08142725949606149,0.007478361030163599,0.13270682662878291,0.058217388021609494
5.0,5.6,0.25662046682890555,0.013380561061824996,-0.38317306694687453,0.01686084730049316,0.14994913557692408,0.014444313833415325,0.07863652955320696,0.007469650488207628,0.12312824081560235,0.05433233802721613
5.0,5.7,0.25116342418552506,0.014622854576441758,-0.3736682542667822,0.018490387887791723,0.14370153805175045,0.01568975678141688,0.07474915665641912,0.006865104747749701,0.10950984843741435,0.06739794988553374
5.0,5.8,0.2491374938931536,0.01556484714534679,-0.3631940199175712,0.029737888098409278,0.13785904378484962,0.01724004915673014,0.07171810062123812,0.007966212389008737,0.11377391303209487,0.03815813829497784
5.0,5.9,0.24633238223724463,0.010566146446525714,-0.3607737345570811,0.015731672175483002,0.13343886282142275,0.011571736330534122,0.06858865501065448,0.004504675358377251,0.10448598445153016,0.04807484442081086
5.0,6.0,0.24528386596977791,0.010461147722603292,-0.3529899465614825,0.021249646946842587,0.13118993030368392,0.010399156461778282,0.06675228555603419,0.006089688180008123,0.10161851898200638,0.059639631169972646
5.0,6.1,0.24258592661355227,0.012896583768510344,-0.3432171563522999,0.01719153566545099,0.1230037133679,0.011688146346071295,0.06270093252631183,0.005420144721788952,0.1160399665100586,0.05523033975216781
5.0,6.2,0.24123822627565245,0.012914140922350426,-0.3388162369888783,0.016079965674925686,0.1204475891711749,0.011037689307256867,0.06039940088127822,0.0052773327988647175,0.10672110812978794,0.06240654619750363
5.0,6.3,0.2383604723395497,0.011062597936690548,-0.33391634661092595,0.02147966247238366,0.11752044425760179,0.011735293180170527,0.059342593177876116,0.005109918178581799,0.09424657888992882,0.048625181935014236
5.0,6.4,0.2385601657346358,0.012492087699113372,-0.33074475430537986,0.016410586026453514,0.11547863320019086,0.011541149104558567,0.056994100787663954,0.004508440424467321,0.09760097323399264,0.05011599794472616
5.0,6.5,0.23443913060466215,0.01039374120037092,-0.3208732198051599,0.01994019594284822,0.11017435187144942,0.012930658096332518,0.05457489384665146,0.006316686774556392,0.09260962729866414,0.07291138887641845
5.0,6.6,0.23402757162512972,0.007971278560304832,-0.31499536583369037,0.016398861268041534,0.10740385984247341,0.009668832085455025,0.052399628110749316,0.0041833488019300475,0.10211437535210088,0.04550671908571453
5.0,6.7,0.23309524128392528,0.01581536506780407,-0.310294928475831,0.024511531637061837,0.10491984657151932,0.014112398440353148,0.05054181456533367,0.004818864033401857,0.10003571894528472,0.08102185714440908
5.0,6.8,0.230906271225798,0.010480241854086993,-0.3051822362257265,0.01816419584866568,0.10225131434105289,0.009024225337833298,0.048866324787570324,0.0045231268885921935,0.0939121848698346,0.055224344798744565
5.0,6.9,0.22840002159696898,0.011632170804053819,-0.30032047367991055,0.016717181327045003,0.09967973436639813,0.01073612285655671,0.047896329003995035,0.0039618826101789194,0.08391970236502763,0.07252022452582736
5.0,7.0,0.22806851673382458,0.008191593932630888,-0.2975403917697384,0.01446834516888678,0.09738327331101117,0.009062695269568953,0.04607305640343699,0.004030555033964647,0.08924438173024742,0.054329507969380915
5.0,7.1,0.22342845300371283,0.011687050489648045,-0.28704785828682605,0.013776176578798122,0.09252009602842473,0.007981223119962315,0.0438626900505969,0.003862308712793935,0.0844707520454192,0.06171011739845864
5.0,7.2,0.22704876281894742,0.013974467679113825,-0.2919645975042824,0.02040416850961072,0.09362722023320753,0.010695653424523525,0.043586472911616166,0.002996629530542197,0.09052679762169988,0.057409254127485404
5.0,7.3,0.22472748037881457,0.011369682767512962,-0.28343358850609374,0.01395144501369508,0.08970376838486596,0.00747601350705943,0.041673183352963335,0.002890065549378886,0.09289909755422006,0.04676712164071352
5.0,7.4,0.22185533228775298,0.011087087540288912,-0.27935901557596904,0.023179742389805073,0.08817884783521313,0.007696676275623436,0.04067020257118717,0.0025168727016896117,0.07643711512761919,0.054700368555412486
5.0,7.5,0.2203836976093277,0.0062437693179811515,-0.2718661943806118,0.017670982463694754,0.08491509358961345,0.006832214182082907,0.03921899354878659,0.003164002525741387,0.0834208784891162,0.04231121071403179
5.0,7.6,0.22077995455554772,0.011570839215323115,-0.2728686458903081,0.02206298539533828,0.08403798663912716,0.0086067696515076,0.038307954927948806,0.003595859491182891,0.0839078715058604,0.05781192697128876
5.0,7.7,0.218509490980497,0.012429250794079616,-0.26578988233323175,0.021700055709112757,0.08136408504632175,0.0083612413345474,0.03674728657942607,0.0026808953594663113,0.0804590304837708,0.053453621603146546
5.0,7.8,0.21902365322847855,0.008486892526152664,-0.2630373581759994,0.013912800138781012,0.08051178708497432,0.0069815019429246995,0.03598169462502418,0.002535627049234766,0.08229744148211937,0.05489953025157184
5.0,7.9,0.21730322958704543,0.01120947276759045,-0.25893422634188157,0.01852450764705973,0.07929624768448308,0.009155291694897101,0.0355842311022921,0.0025499931792418076,0.07214430474444963,0.05363895498955842
